Period,N,N_treated,Treated_pct,ATE,SE,CI_lower,CI_upper,p_value,Effect_pct
Pre-COVID (2019),6330,474,7.488151658767772,0.013760253152058801,0.0031379653175066503,0.007609841129745767,0.019910665174371837,6.675394791866296e-05,1.3855361171585923
During-COVID (2020-2021),12300,956,7.772357723577236,-0.006782915789843092,0.002513098352966419,-0.011708588561657273,-0.0018572430180289097,1.9738097616736126,-0.675996373979737
Post-COVID (2022-2023),12942,1269,9.80528511821975,0.002257300883176997,0.0023522065523801064,-0.0023530239594880117,0.006867625725842006,0.6309892493139364,0.2259850504875871
