Industry,N,N_treated,Treated_pct,ATE,SE,CI_lower,CI_upper,p_value,Effect_pct
29,4126,365,8.846340281143965,0.010952213049189585,0.004116607889515171,0.00288366158573985,0.019020764512639322,0.02903899343117322,1.1012408090116832
30,3644,235,6.448957189901208,0.04455794792007557,0.004189934410888611,0.0363456764747339,0.052770219365417245,0.0,4.556556330470118
26,3378,506,14.97927767910006,0.04542732025369315,0.00457467970161177,0.03646094803853408,0.05439369246885222,0.0,4.647494431649135
20,2394,199,8.312447786131997,0.05301372675488855,0.006895110681107806,0.039499309819917255,0.06652814368985985,1.4566126083082054e-13,5.44441191159819
10,2330,143,6.1373390557939915,0.0012586721133868747,0.006087118442797914,-0.010672080034497036,0.013189424261270786,0.9788486658158437,0.1259464573579061
