test,ate,se,n_iter
Real,0.039071,0.009114,1
Random Treatment (mean),0.00023430507973660236,0.0025287001030572975,1000
Permuted Outcome (mean),0.00045949919005523515,0.025433946656319855,1000
